Date of Sale (Sales Data),Sales Agent ID (Sales Data),Product/Service Sold (Sales Data),Sale Amount (Sales Data),Region (Sales Data),Sale Amount (Commission Data),Commission Percentage (Commission Data),Commission Amount (Commission Data),Incentive Period (Incentive Data),Sales Agent ID (Incentive Data),Incentive Amount (Incentive Data),Criteria (Incentive Data)
2023-01-01,SA04,Service D,528.45,North,528.45,0.05,26.42,2023 Q2,SA03,289.26,Top Performer
2023-01-02,SA05,Service C,697.3,North,697.3,0.05,34.86,2023 Q4,SA01,402.94,Most Improved
2023-01-03,SA04,Service A,943.15,North,943.15,0.05,47.16,2023 Q2,SA02,217.57,Most Improved
2023-01-04,SA02,Service B,759.31,East,759.31,0.05,37.97,2023 Q2,SA01,275.67,Top Performer
2023-01-05,SA02,Service D,293.45,North,293.45,0.05,14.67,2023 Q2,SA05,428.34,Top Performer
2023-01-06,SA05,Service C,128.06,East,128.06,0.05,6.4,2023 Q2,SA02,210.59,Most Improved
2023-01-07,SA04,Service C,336.04,West,336.04,0.05,16.8,2023 Q2,SA02,217.57,Most Improved
2023-01-08,SA01,Service A,635.57,South,635.57,0.05,31.78,2023 Q1,SA04,253.23,Most Improved
2023-01-09,SA05,Service D,146.28,North,146.28,0.05,7.31,2023 Q3,SA01,452.6,Top Performer
2023-01-10,SA02,Service D,546.73,South,546.73,0.05,27.34,2023 Q1,SA05,392.7,Most Improved
2023-01-11,SA02,Service B,637.16,South,637.16,0.05,31.86,2023 Q4,SA01,495.4,Top Performer
2023-01-12,SA05,Service D,400.82,West,400.82,0.05,20.04,2023 Q1,SA03,428.3,Top Performer
2023-01-13,SA04,Service D,793.82,South,793.82,0.05,39.69,2023 Q4,SA04,412.3,Most Improved
2023-01-14,SA02,Service A,195.94,East,195.94,0.05,9.8,2023 Q2,SA01,447.51,Most Improved
2023-01-15,SA04,Service D,167.62,South,167.62,0.05,8.38,2023 Q4,SA04,227.9,Most Improved
2023-01-16,SA02,Service C,755.37,South,755.37,0.05,37.77,2023 Q1,SA01,317.46,Most Improved
2023-01-17,SA02,Service A,545.94,South,545.94,0.05,27.3,2023 Q3,SA04,440.02,Most Improved
2023-01-18,SA03,Service A,719.56,North,719.56,0.05,35.98,2023 Q2,SA02,200.97,Most Improved
2023-01-19,SA02,Service B,491.34,North,491.34,0.05,24.57,2023 Q1,SA05,261.21,Most Improved
2023-01-20,SA01,Service D,321.76,East,321.76,0.05,16.09,2023 Q1,SA01,298.46,Most Improved
2023-01-21,SA05,Service B,837.19,East,837.19,0.05,41.86,2023 Q2,SA05,423.72,Top Performer
2023-01-22,SA05,Service C,819.47,North,819.47,0.05,40.97,2023 Q1,SA03,368.2,Top Performer
2023-01-23,SA04,Service A,725.23,East,725.23,0.05,36.26,2023 Q3,SA04,374,Most Improved
2023-01-24,SA02,Service A,344.93,North,344.93,0.05,17.25,2023 Q3,SA05,260.74,Most Improved
2023-01-25,SA01,Service A,631.21,West,631.21,0.05,31.56,2023 Q3,SA05,417.79,Most Improved
2023-01-26,SA04,Service C,424.88,South,424.88,0.05,21.24,2023 Q2,SA04,465.86,Most Improved
2023-01-27,SA03,Service C,182.42,South,182.42,0.05,9.12,2023 Q3,SA03,306.62,Top Performer
2023-01-28,SA04,Service B,925.58,East,925.58,0.05,46.28,2023 Q4,SA01,462,Most Improved
2023-01-29,SA04,Service B,223.14,North,223.14,0.05,11.16,2023 Q4,SA04,223.12,Top Performer
2023-01-30,SA02,Service B,955.21,North,955.21,0.05,47.76,2023 Q2,SA01,275.67,Top Performer
2023-01-31,SA03,Service D,501.41,East,501.41,0.05,25.07,2023 Q1,SA01,317.46,Most Improved
2023-02-01,SA04,Service A,266.62,North,266.62,0.05,13.33,2023 Q4,SA05,363.51,Top Performer
2023-02-02,SA01,Service A,587.71,West,587.71,0.05,29.39,2023 Q3,SA04,374,Most Improved
2023-02-03,SA01,Service B,885.65,South,885.65,0.05,44.28,2023 Q1,SA04,406.67,Most Improved
2023-02-04,SA05,Service A,759,East,759,0.05,37.95,2023 Q1,SA05,306.65,Top Performer
2023-02-05,SA03,Service B,825.91,East,825.91,0.05,41.3,2023 Q1,SA04,239.52,Most Improved
2023-02-06,SA03,Service D,692.91,North,692.91,0.05,34.65,2023 Q1,SA01,280.95,Most Improved
2023-02-07,SA05,Service D,723.05,East,723.05,0.05,36.15,2023 Q4,SA05,363.51,Top Performer
2023-02-08,SA04,Service C,864.28,West,864.28,0.05,43.21,2023 Q1,SA03,384.8,Most Improved
2023-02-09,SA03,Service D,324.7,North,324.7,0.05,16.24,2023 Q1,SA01,323.79,Most Improved
2023-02-10,SA01,Service B,540.48,North,540.48,0.05,27.02,2023 Q3,SA05,417.79,Most Improved
2023-02-11,SA01,Service D,299.09,North,299.09,0.05,14.95,2023 Q2,SA01,229.75,Top Performer
2023-02-12,SA02,Service C,988.9,North,988.9,0.05,49.44,2023 Q4,SA01,419.84,Top Performer
2023-02-13,SA03,Service A,949.65,West,949.65,0.05,47.48,2023 Q1,SA04,253.23,Most Improved
2023-02-14,SA04,Service B,135.48,North,135.48,0.05,6.77,2023 Q3,SA05,260.74,Most Improved
2023-02-15,SA05,Service A,735.02,East,735.02,0.05,36.75,2023 Q1,SA03,338.47,Top Performer
2023-02-16,SA05,Service C,932.72,West,932.72,0.05,46.64,2023 Q1,SA02,487.42,Most Improved
2023-02-17,SA04,Service C,262.52,South,262.52,0.05,13.13,2023 Q3,SA05,417.79,Most Improved
2023-02-18,SA02,Service C,611.15,South,611.15,0.05,30.56,2023 Q3,SA04,374,Most Improved
2023-02-19,SA05,Service A,923.94,East,923.94,0.05,46.2,2023 Q2,SA01,377.91,Top Performer
2023-02-20,SA03,Service A,130.55,East,130.55,0.05,6.53,2023 Q3,SA02,444.78,Most Improved
2023-02-21,SA02,Service A,727.68,West,727.68,0.05,36.38,2023 Q3,SA02,441.5,Most Improved
2023-02-22,SA03,Service A,367.61,South,367.61,0.05,18.38,2023 Q2,SA03,349.48,Top Performer
2023-02-23,SA01,Service C,931.96,South,931.96,0.05,46.6,2023 Q1,SA03,338.47,Top Performer
2023-02-24,SA02,Service C,973.95,South,973.95,0.05,48.7,2023 Q1,SA01,280.95,Most Improved
2023-02-25,SA05,Service B,949.84,South,949.84,0.05,47.49,2023 Q2,SA04,256.41,Top Performer
2023-02-26,SA02,Service B,526.79,South,526.79,0.05,26.34,2023 Q1,SA02,249.44,Most Improved
2023-02-27,SA02,Service A,875.84,North,875.84,0.05,43.79,2023 Q2,SA01,447.51,Most Improved
2023-02-28,SA02,Service D,860.09,East,860.09,0.05,43,2023 Q4,SA02,381.05,Most Improved
2023-03-01,SA02,Service D,387.19,North,387.19,0.05,19.36,2023 Q4,SA01,432.93,Top Performer
2023-03-02,SA03,Service C,846.02,South,846.02,0.05,42.3,2023 Q2,SA01,244.67,Top Performer
2023-03-03,SA01,Service C,133.31,West,133.31,0.05,6.67,2023 Q4,SA03,497.54,Top Performer
2023-03-04,SA04,Service C,636.64,West,636.64,0.05,31.83,2023 Q4,SA01,462,Most Improved
2023-03-05,SA02,Service B,307.01,South,307.01,0.05,15.35,2023 Q3,SA03,306.62,Top Performer
2023-03-06,SA05,Service B,208.51,South,208.51,0.05,10.43,2023 Q2,SA04,465.86,Most Improved
2023-03-07,SA02,Service C,169.26,West,169.26,0.05,8.46,2023 Q1,SA01,323.79,Most Improved
2023-03-08,SA05,Service C,726.66,North,726.66,0.05,36.33,2023 Q4,SA01,402.94,Most Improved
2023-03-09,SA03,Service C,405.89,North,405.89,0.05,20.29,2023 Q4,SA01,462,Most Improved
2023-03-10,SA05,Service D,752.29,South,752.29,0.05,37.61,2023 Q4,SA05,219.46,Top Performer
2023-03-11,SA04,Service B,158.82,North,158.82,0.05,7.94,2023 Q1,SA02,351.76,Top Performer
2023-03-12,SA01,Service D,383.76,West,383.76,0.05,19.19,2023 Q2,SA01,244.67,Top Performer
2023-03-13,SA05,Service D,585.54,North,585.54,0.05,29.28,2023 Q2,SA01,244.67,Top Performer
2023-03-14,SA05,Service C,811.65,South,811.65,0.05,40.58,2023 Q3,SA04,332.06,Most Improved
2023-03-15,SA01,Service C,386.88,West,386.88,0.05,19.34,2023 Q2,SA04,377.1,Most Improved
2023-03-16,SA04,Service A,663.3,North,663.3,0.05,33.16,2023 Q1,SA02,487.42,Most Improved
2023-03-17,SA02,Service A,897.38,East,897.38,0.05,44.87,2023 Q2,SA05,320.45,Top Performer
2023-03-18,SA05,Service D,654.28,West,654.28,0.05,32.71,2023 Q4,SA03,497.54,Top Performer
2023-03-19,SA01,Service B,309.66,West,309.66,0.05,15.48,2023 Q3,SA05,274,Most Improved
2023-03-20,SA03,Service C,121.96,East,121.96,0.05,6.1,2023 Q4,SA01,402.94,Most Improved
2023-03-21,SA01,Service C,883.09,East,883.09,0.05,44.15,2023 Q2,SA04,256.41,Top Performer
2023-03-22,SA03,Service D,119.14,West,119.14,0.05,5.96,2023 Q3,SA02,481.22,Top Performer
2023-03-23,SA04,Service A,887.23,East,887.23,0.05,44.36,2023 Q3,SA04,332.06,Most Improved
2023-03-24,SA02,Service B,576.04,South,576.04,0.05,28.8,2023 Q1,SA01,317.46,Most Improved
2023-03-25,SA01,Service A,945.16,South,945.16,0.05,47.26,2023 Q1,SA01,317.46,Most Improved
2023-03-26,SA05,Service A,818.9,South,818.9,0.05,40.94,2023 Q3,SA04,332.06,Most Improved
2023-03-27,SA04,Service A,998.14,West,998.14,0.05,49.91,2023 Q1,SA03,310.49,Top Performer
2023-03-28,SA01,Service A,415.64,East,415.64,0.05,20.78,2023 Q1,SA02,385.88,Most Improved
2023-03-29,SA05,Service C,790.47,East,790.47,0.05,39.52,2023 Q4,SA02,381.05,Most Improved
2023-03-30,SA01,Service C,461.74,North,461.74,0.05,23.09,2023 Q1,SA02,453.95,Most Improved
2023-03-31,SA03,Service A,531.89,North,531.89,0.05,26.59,2023 Q1,SA05,285.77,Top Performer
2023-04-01,SA01,Service B,664.75,East,664.75,0.05,33.24,2023 Q4,SA04,445.34,Top Performer
2023-04-02,SA01,Service D,886.31,East,886.31,0.05,44.32,2023 Q3,SA05,260.74,Most Improved
2023-04-03,SA01,Service B,985.68,East,985.68,0.05,49.28,2023 Q1,SA01,334.58,Top Performer
2023-04-04,SA04,Service B,791.45,West,791.45,0.05,39.57,2023 Q1,SA02,385.88,Most Improved
2023-04-05,SA01,Service B,475.99,East,475.99,0.05,23.8,2023 Q3,SA04,332.06,Most Improved
2023-04-06,SA05,Service A,479.22,North,479.22,0.05,23.96,2023 Q4,SA01,495.4,Top Performer
2023-04-07,SA03,Service C,763.82,West,763.82,0.05,38.19,2023 Q2,SA03,435.14,Top Performer
2023-04-08,SA03,Service B,314.9,East,314.9,0.05,15.74,2023 Q3,SA05,274,Most Improved
2023-04-09,SA01,Service A,199.43,North,199.43,0.05,9.97,2023 Q4,SA01,402.94,Most Improved
2023-04-10,SA04,Service B,419.16,West,419.16,0.05,20.96,2023 Q4,SA04,438.26,Top Performer
2023-04-11,SA04,Service B,358.52,East,358.52,0.05,17.93,2023 Q1,SA01,280.95,Most Improved
2023-04-12,SA05,Service A,366.68,East,366.68,0.05,18.33,2023 Q3,SA03,417.94,Top Performer
2023-04-13,SA01,Service C,310.25,East,310.25,0.05,15.51,2023 Q3,SA01,202.8,Most Improved
2023-04-14,SA03,Service C,137.88,West,137.88,0.05,6.89,2023 Q3,SA01,298.08,Top Performer
2023-04-15,SA04,Service D,116.09,North,116.09,0.05,5.8,2023 Q2,SA04,310.38,Top Performer
2023-04-16,SA01,Service A,988.95,North,988.95,0.05,49.45,2023 Q3,SA01,452.6,Top Performer
2023-04-17,SA04,Service D,485,South,485,0.05,24.25,2023 Q1,SA03,244.24,Most Improved
2023-04-18,SA04,Service D,445.89,East,445.89,0.05,22.29,2023 Q1,SA02,498.9,Most Improved
2023-04-19,SA03,Service D,711.68,South,711.68,0.05,35.58,2023 Q3,SA02,463,Top Performer
2023-04-20,SA02,Service C,296.43,South,296.43,0.05,14.82,2023 Q2,SA04,256.41,Top Performer
2023-04-21,SA05,Service A,954.97,North,954.97,0.05,47.75,2023 Q1,SA02,498.9,Most Improved
2023-04-22,SA05,Service D,807.71,West,807.71,0.05,40.39,2023 Q1,SA04,406.67,Most Improved
2023-04-23,SA03,Service A,180.47,West,180.47,0.05,9.02,2023 Q2,SA01,275.67,Top Performer
2023-04-24,SA04,Service A,475.82,North,475.82,0.05,23.79,2023 Q3,SA05,417.79,Most Improved
2023-04-25,SA01,Service C,891.21,West,891.21,0.05,44.56,2023 Q1,SA04,239.52,Most Improved
2023-04-26,SA04,Service D,950.26,South,950.26,0.05,47.51,2023 Q4,SA01,419.84,Top Performer
2023-04-27,SA03,Service D,520.66,East,520.66,0.05,26.03,2023 Q2,SA04,465.86,Most Improved
2023-04-28,SA05,Service A,652.07,North,652.07,0.05,32.6,2023 Q4,SA01,402.94,Most Improved
2023-04-29,SA04,Service B,250.33,East,250.33,0.05,12.52,2023 Q4,SA05,363.51,Top Performer
2023-04-30,SA05,Service C,992.05,West,992.05,0.05,49.6,2023 Q4,SA02,381.05,Most Improved
2023-05-01,SA01,Service C,308.5,East,308.5,0.05,15.42,2023 Q3,SA02,344.29,Top Performer
2023-05-02,SA05,Service C,948.46,West,948.46,0.05,47.42,2023 Q4,SA01,402.94,Most Improved
2023-05-03,SA05,Service C,684.68,West,684.68,0.05,34.23,2023 Q2,SA02,217.57,Most Improved
2023-05-04,SA02,Service D,646.96,South,646.96,0.05,32.35,2023 Q1,SA04,253.23,Most Improved
2023-05-05,SA02,Service D,561.42,West,561.42,0.05,28.07,2023 Q4,SA01,362.67,Most Improved
2023-05-06,SA02,Service B,307.6,South,307.6,0.05,15.38,2023 Q3,SA03,417.94,Top Performer
2023-05-07,SA05,Service C,258.88,South,258.88,0.05,12.94,2023 Q1,SA02,487.42,Most Improved
2023-05-08,SA03,Service C,298.44,South,298.44,0.05,14.92,2023 Q2,SA04,377.1,Most Improved
2023-05-09,SA05,Service A,267.79,North,267.79,0.05,13.39,2023 Q4,SA01,419.84,Top Performer
2023-05-10,SA03,Service D,801.63,North,801.63,0.05,40.08,2023 Q3,SA02,463,Top Performer
2023-05-11,SA03,Service C,415.11,West,415.11,0.05,20.76,2023 Q1,SA01,334.58,Top Performer
2023-05-12,SA02,Service B,152.06,South,152.06,0.05,7.6,2023 Q4,SA03,452.21,Most Improved
2023-05-13,SA04,Service B,972.19,North,972.19,0.05,48.61,2023 Q3,SA02,444.78,Most Improved
2023-05-14,SA01,Service D,895.41,South,895.41,0.05,44.77,2023 Q1,SA02,408.69,Most Improved
2023-05-15,SA02,Service B,934.98,East,934.98,0.05,46.75,2023 Q3,SA04,440.02,Most Improved
2023-05-16,SA02,Service B,995.42,East,995.42,0.05,49.77,2023 Q4,SA05,355.18,Most Improved
2023-05-17,SA04,Service D,256.51,East,256.51,0.05,12.83,2023 Q2,SA01,229.75,Top Performer
2023-05-18,SA01,Service C,456.62,West,456.62,0.05,22.83,2023 Q1,SA03,244.24,Most Improved
2023-05-19,SA05,Service C,782.41,South,782.41,0.05,39.12,2023 Q4,SA05,475.68,Top Performer
2023-05-20,SA05,Service B,726.42,East,726.42,0.05,36.32,2023 Q3,SA05,274,Most Improved
2023-05-21,SA02,Service B,238.51,North,238.51,0.05,11.93,2023 Q2,SA04,366.27,Top Performer
2023-05-22,SA01,Service C,834.25,East,834.25,0.05,41.71,2023 Q4,SA03,264.05,Top Performer
2023-05-23,SA02,Service D,302,East,302,0.05,15.1,2023 Q2,SA01,447.51,Most Improved
2023-05-24,SA03,Service B,301.44,East,301.44,0.05,15.07,2023 Q3,SA03,306.62,Top Performer
2023-05-25,SA02,Service A,583.28,West,583.28,0.05,29.16,2023 Q2,SA05,320.45,Top Performer
2023-05-26,SA02,Service D,633.65,North,633.65,0.05,31.68,2023 Q1,SA02,249.44,Most Improved
2023-05-27,SA05,Service B,622.08,South,622.08,0.05,31.1,2023 Q2,SA01,377.91,Top Performer
2023-05-28,SA05,Service B,182.34,North,182.34,0.05,9.12,2023 Q2,SA03,435.14,Top Performer
2023-05-29,SA05,Service A,889.71,South,889.71,0.05,44.49,2023 Q4,SA01,418.55,Top Performer
2023-05-30,SA03,Service A,339.04,West,339.04,0.05,16.95,2023 Q4,SA01,432.93,Top Performer
2023-05-31,SA05,Service C,216.56,West,216.56,0.05,10.83,2023 Q1,SA02,385.88,Most Improved
2023-06-01,SA01,Service D,899.87,West,899.87,0.05,44.99,2023 Q2,SA01,426.51,Most Improved
2023-06-02,SA04,Service D,960.09,West,960.09,0.05,48,2023 Q1,SA02,351.76,Top Performer
2023-06-03,SA01,Service C,875.91,South,875.91,0.05,43.8,2023 Q2,SA02,217.57,Most Improved
2023-06-04,SA01,Service D,828.56,East,828.56,0.05,41.43,2023 Q4,SA03,497.54,Top Performer
2023-06-05,SA05,Service D,689.72,South,689.72,0.05,34.49,2023 Q4,SA01,248.02,Most Improved
2023-06-06,SA04,Service D,595.77,North,595.77,0.05,29.79,2023 Q4,SA02,381.05,Most Improved
2023-06-07,SA04,Service D,178.29,West,178.29,0.05,8.91,2023 Q1,SA02,408.69,Most Improved
2023-06-08,SA04,Service D,467.61,West,467.61,0.05,23.38,2023 Q2,SA02,210.59,Most Improved
2023-06-09,SA03,Service A,435.42,North,435.42,0.05,21.77,2023 Q3,SA01,338.16,Top Performer
2023-06-10,SA05,Service D,333.78,South,333.78,0.05,16.69,2023 Q2,SA04,419.92,Top Performer
2023-06-11,SA04,Service A,751.08,East,751.08,0.05,37.55,2023 Q4,SA05,363.51,Top Performer
2023-06-12,SA03,Service D,546.29,East,546.29,0.05,27.31,2023 Q1,SA03,384.8,Most Improved
2023-06-13,SA02,Service C,172.94,North,172.94,0.05,8.65,2023 Q3,SA04,374,Most Improved
2023-06-14,SA02,Service B,298.16,East,298.16,0.05,14.91,2023 Q2,SA01,229.75,Top Performer
2023-06-15,SA03,Service A,714.93,South,714.93,0.05,35.75,2023 Q3,SA01,298.08,Top Performer
2023-06-16,SA03,Service D,168.52,South,168.52,0.05,8.43,2023 Q1,SA03,368.2,Top Performer
2023-06-17,SA05,Service C,866.09,North,866.09,0.05,43.3,2023 Q1,SA01,317.46,Most Improved
2023-06-18,SA05,Service B,545.63,South,545.63,0.05,27.28,2023 Q4,SA01,432.93,Top Performer
2023-06-19,SA02,Service A,532.53,West,532.53,0.05,26.63,2023 Q1,SA05,285.77,Top Performer
2023-06-20,SA04,Service B,633.17,North,633.17,0.05,31.66,2023 Q2,SA01,275.67,Top Performer
2023-06-21,SA02,Service C,842.21,South,842.21,0.05,42.11,2023 Q1,SA05,392.7,Most Improved
2023-06-22,SA04,Service A,413.03,North,413.03,0.05,20.65,2023 Q3,SA02,444.78,Most Improved
2023-06-23,SA04,Service B,710.21,East,710.21,0.05,35.51,2023 Q3,SA02,444.78,Most Improved
2023-06-24,SA05,Service D,609.16,South,609.16,0.05,30.46,2023 Q4,SA01,362.67,Most Improved
2023-06-25,SA01,Service A,340.33,West,340.33,0.05,17.02,2023 Q3,SA03,417.94,Top Performer
2023-06-26,SA01,Service B,890.77,South,890.77,0.05,44.54,2023 Q4,SA01,462,Most Improved
2023-06-27,SA03,Service C,817.68,North,817.68,0.05,40.88,2023 Q2,SA02,217.57,Most Improved
2023-06-28,SA05,Service C,692.61,North,692.61,0.05,34.63,2023 Q3,SA04,393.74,Top Performer
2023-06-29,SA04,Service A,865.52,South,865.52,0.05,43.28,2023 Q2,SA01,426.51,Most Improved
2023-06-30,SA01,Service B,880.56,West,880.56,0.05,44.03,2023 Q1,SA04,406.67,Most Improved
2023-07-01,SA04,Service A,737.53,West,737.53,0.05,36.88,2023 Q1,SA03,384.8,Most Improved
2023-07-02,SA01,Service A,853.31,West,853.31,0.05,42.67,2023 Q1,SA05,458.41,Top Performer
2023-07-03,SA01,Service B,727.72,North,727.72,0.05,36.39,2023 Q4,SA02,435.47,Top Performer
2023-07-04,SA01,Service B,712.13,South,712.13,0.05,35.61,2023 Q1,SA01,317.46,Most Improved
2023-07-05,SA05,Service D,656.75,East,656.75,0.05,32.84,2023 Q1,SA02,249.44,Most Improved
2023-07-06,SA02,Service B,777.44,North,777.44,0.05,38.87,2023 Q1,SA04,406.67,Most Improved
2023-07-07,SA04,Service C,242.74,West,242.74,0.05,12.14,2023 Q3,SA01,338.16,Top Performer
2023-07-08,SA05,Service A,892.78,South,892.78,0.05,44.64,2023 Q4,SA01,432.93,Top Performer
2023-07-09,SA05,Service A,884.66,West,884.66,0.05,44.23,2023 Q4,SA01,418.55,Top Performer
2023-07-10,SA05,Service C,126.32,East,126.32,0.05,6.32,2023 Q1,SA02,366.53,Most Improved
2023-07-11,SA05,Service B,843.24,West,843.24,0.05,42.16,2023 Q4,SA01,495.4,Top Performer
2023-07-12,SA05,Service C,215.98,West,215.98,0.05,10.8,2023 Q3,SA04,393.74,Top Performer
2023-07-13,SA03,Service C,401.61,East,401.61,0.05,20.08,2023 Q3,SA02,463,Top Performer
2023-07-14,SA04,Service D,769.16,South,769.16,0.05,38.46,2023 Q3,SA05,417.79,Most Improved
2023-07-15,SA05,Service C,244.68,North,244.68,0.05,12.23,2023 Q2,SA03,289.26,Top Performer
2023-07-16,SA04,Service A,836.17,South,836.17,0.05,41.81,2023 Q4,SA02,396.85,Most Improved
2023-07-17,SA03,Service C,848.92,East,848.92,0.05,42.45,2023 Q3,SA05,390.89,Top Performer
2023-07-18,SA03,Service A,556.72,West,556.72,0.05,27.84,2023 Q1,SA05,458.41,Top Performer
2023-07-19,SA04,Service A,105.75,South,105.75,0.05,5.29,2023 Q2,SA04,377.1,Most Improved
2023-07-20,SA01,Service A,358.33,North,358.33,0.05,17.92,2023 Q4,SA04,412.3,Most Improved
2023-07-21,SA02,Service B,655.23,East,655.23,0.05,32.76,2023 Q2,SA04,310.38,Top Performer
2023-07-22,SA01,Service D,983.07,South,983.07,0.05,49.15,2023 Q4,SA01,362.67,Most Improved
2023-07-23,SA01,Service A,668.63,North,668.63,0.05,33.43,2023 Q2,SA01,377.91,Top Performer
2023-07-24,SA01,Service A,333.82,East,333.82,0.05,16.69,2023 Q4,SA03,452.21,Most Improved
2023-07-25,SA05,Service B,670.61,North,670.61,0.05,33.53,2023 Q3,SA02,444.78,Most Improved
2023-07-26,SA03,Service A,585.99,East,585.99,0.05,29.3,2023 Q4,SA05,355.18,Most Improved
2023-07-27,SA01,Service C,801.86,West,801.86,0.05,40.09,2023 Q2,SA04,465.86,Most Improved
2023-07-28,SA03,Service C,196.28,South,196.28,0.05,9.81,2023 Q4,SA03,452.21,Most Improved
2023-07-29,SA04,Service D,784.93,North,784.93,0.05,39.25,2023 Q1,SA04,239.52,Most Improved
2023-07-30,SA02,Service A,587.14,East,587.14,0.05,29.36,2023 Q3,SA05,390.89,Top Performer
2023-07-31,SA04,Service B,966.69,North,966.69,0.05,48.33,2023 Q4,SA01,419.84,Top Performer
2023-08-01,SA04,Service C,407.68,North,407.68,0.05,20.38,2023 Q1,SA02,453.95,Most Improved
2023-08-02,SA05,Service B,669.36,South,669.36,0.05,33.47,2023 Q1,SA03,244.24,Most Improved
2023-08-03,SA02,Service B,938.83,West,938.83,0.05,46.94,2023 Q2,SA01,244.67,Top Performer
2023-08-04,SA04,Service C,192.26,North,192.26,0.05,9.61,2023 Q2,SA02,217.57,Most Improved
2023-08-05,SA04,Service B,943.51,East,943.51,0.05,47.18,2023 Q4,SA01,300.27,Most Improved
2023-08-06,SA02,Service C,719.1,East,719.1,0.05,35.96,2023 Q3,SA01,338.16,Top Performer
2023-08-07,SA02,Service B,161.05,West,161.05,0.05,8.05,2023 Q3,SA03,306.62,Top Performer
2023-08-08,SA04,Service C,370.87,East,370.87,0.05,18.54,2023 Q4,SA05,475.68,Top Performer
2023-08-09,SA02,Service A,737.35,West,737.35,0.05,36.87,2023 Q3,SA02,368.45,Most Improved
2023-08-10,SA04,Service D,160.62,East,160.62,0.05,8.03,2023 Q3,SA01,298.08,Top Performer
2023-08-11,SA04,Service C,623.95,South,623.95,0.05,31.2,2023 Q3,SA04,440.02,Most Improved
2023-08-12,SA05,Service C,411.29,North,411.29,0.05,20.56,2023 Q4,SA01,418.55,Top Performer
2023-08-13,SA01,Service D,658.82,South,658.82,0.05,32.94,2023 Q1,SA01,334.58,Top Performer
2023-08-14,SA04,Service C,141.17,North,141.17,0.05,7.06,2023 Q2,SA04,419.92,Top Performer
2023-08-15,SA03,Service C,884.38,North,884.38,0.05,44.22,2023 Q2,SA02,200.97,Most Improved
2023-08-16,SA01,Service B,976.14,North,976.14,0.05,48.81,2023 Q4,SA02,381.05,Most Improved
2023-08-17,SA01,Service D,971.99,South,971.99,0.05,48.6,2023 Q1,SA01,280.95,Most Improved
2023-08-18,SA01,Service A,774.69,North,774.69,0.05,38.73,2023 Q3,SA04,332.06,Most Improved
2023-08-19,SA05,Service C,217.08,South,217.08,0.05,10.85,2023 Q4,SA01,402.94,Most Improved
2023-08-20,SA04,Service D,782.44,West,782.44,0.05,39.12,2023 Q3,SA02,444.78,Most Improved
2023-08-21,SA05,Service B,122.13,East,122.13,0.05,6.11,2023 Q4,SA04,438.26,Top Performer
2023-08-22,SA04,Service A,119.91,East,119.91,0.05,6,2023 Q2,SA02,217.57,Most Improved
2023-08-23,SA05,Service D,391.25,North,391.25,0.05,19.56,2023 Q2,SA03,289.26,Top Performer
2023-08-24,SA05,Service A,539.78,South,539.78,0.05,26.99,2023 Q2,SA03,349.48,Top Performer
2023-08-25,SA03,Service A,793.37,East,793.37,0.05,39.67,2023 Q3,SA05,417.79,Most Improved
2023-08-26,SA05,Service A,714.97,South,714.97,0.05,35.75,2023 Q2,SA04,377.1,Most Improved
2023-08-27,SA02,Service C,501.31,South,501.31,0.05,25.07,2023 Q2,SA03,349.48,Top Performer
2023-08-28,SA03,Service C,346.26,North,346.26,0.05,17.31,2023 Q4,SA01,291.68,Most Improved
2023-08-29,SA05,Service B,997.41,East,997.41,0.05,49.87,2023 Q4,SA01,462,Most Improved
2023-08-30,SA01,Service B,483.56,North,483.56,0.05,24.18,2023 Q4,SA02,381.05,Most Improved
2023-08-31,SA02,Service D,506.25,North,506.25,0.05,25.31,2023 Q2,SA05,428.34,Top Performer
2023-09-01,SA02,Service B,247.26,East,247.26,0.05,12.36,2023 Q2,SA04,366.27,Top Performer
2023-09-02,SA02,Service A,815.33,East,815.33,0.05,40.77,2023 Q3,SA05,390.89,Top Performer
2023-09-03,SA03,Service A,724.31,West,724.31,0.05,36.22,2023 Q4,SA03,497.54,Top Performer
2023-09-04,SA05,Service C,298.69,West,298.69,0.05,14.93,2023 Q2,SA03,435.14,Top Performer
2023-09-05,SA05,Service A,174.14,South,174.14,0.05,8.71,2023 Q2,SA04,419.92,Top Performer
2023-09-06,SA01,Service D,712.45,East,712.45,0.05,35.62,2023 Q3,SA04,374,Most Improved
2023-09-07,SA01,Service A,689.06,West,689.06,0.05,34.45,2023 Q1,SA02,487.42,Most Improved
2023-09-08,SA02,Service A,345.93,South,345.93,0.05,17.3,2023 Q1,SA05,306.65,Top Performer
2023-09-09,SA01,Service D,955.78,South,955.78,0.05,47.79,2023 Q3,SA05,260.74,Most Improved
2023-09-10,SA03,Service B,235.95,South,235.95,0.05,11.8,2023 Q4,SA03,264.05,Top Performer
2023-09-11,SA05,Service B,489.1,West,489.1,0.05,24.46,2023 Q1,SA03,384.8,Most Improved
2023-09-12,SA02,Service D,949.25,East,949.25,0.05,47.46,2023 Q4,SA04,445.34,Top Performer
2023-09-13,SA01,Service C,477.75,North,477.75,0.05,23.89,2023 Q3,SA02,481.22,Top Performer
2023-09-14,SA03,Service A,674.67,South,674.67,0.05,33.73,2023 Q2,SA01,377.91,Top Performer
2023-09-15,SA03,Service D,457.83,West,457.83,0.05,22.89,2023 Q4,SA01,418.55,Top Performer
2023-09-16,SA01,Service A,346.79,West,346.79,0.05,17.34,2023 Q4,SA02,435.47,Top Performer
2023-09-17,SA05,Service C,985.58,North,985.58,0.05,49.28,2023 Q4,SA05,363.51,Top Performer
2023-09-18,SA01,Service A,468.4,North,468.4,0.05,23.42,2023 Q4,SA04,223.12,Top Performer
2023-09-19,SA02,Service D,904.69,West,904.69,0.05,45.23,2023 Q2,SA05,428.34,Top Performer
2023-09-20,SA01,Service A,306.96,East,306.96,0.05,15.35,2023 Q4,SA01,462,Most Improved
2023-09-21,SA03,Service B,291.79,North,291.79,0.05,14.59,2023 Q1,SA03,368.2,Top Performer
2023-09-22,SA01,Service C,128.02,West,128.02,0.05,6.4,2023 Q4,SA01,495.4,Top Performer
2023-09-23,SA05,Service C,686.5,North,686.5,0.05,34.33,2023 Q3,SA05,390.89,Top Performer
2023-09-24,SA04,Service C,431.67,East,431.67,0.05,21.58,2023 Q1,SA01,334.58,Top Performer
2023-09-25,SA01,Service D,877.92,South,877.92,0.05,43.9,2023 Q1,SA03,244.24,Most Improved
2023-09-26,SA05,Service C,525.89,North,525.89,0.05,26.29,2023 Q3,SA03,417.94,Top Performer
2023-09-27,SA05,Service B,971.37,East,971.37,0.05,48.57,2023 Q2,SA04,377.1,Most Improved
2023-09-28,SA03,Service D,266.97,West,266.97,0.05,13.35,2023 Q2,SA04,419.92,Top Performer
2023-09-29,SA05,Service B,881.76,North,881.76,0.05,44.09,2023 Q3,SA05,274,Most Improved
2023-09-30,SA05,Service A,798.94,North,798.94,0.05,39.95,2023 Q1,SA01,317.46,Most Improved
2023-10-01,SA05,Service A,793.83,West,793.83,0.05,39.69,2023 Q2,SA02,200.97,Most Improved
2023-10-02,SA05,Service A,860.3,South,860.3,0.05,43.02,2023 Q1,SA04,239.52,Most Improved
2023-10-03,SA02,Service A,784.92,West,784.92,0.05,39.25,2023 Q3,SA04,393.74,Top Performer
2023-10-04,SA02,Service B,663.6,North,663.6,0.05,33.18,2023 Q1,SA02,408.69,Most Improved
2023-10-05,SA03,Service D,218.12,West,218.12,0.05,10.91,2023 Q3,SA02,441.5,Most Improved
2023-10-06,SA01,Service D,129.27,East,129.27,0.05,6.46,2023 Q3,SA02,463,Top Performer
2023-10-07,SA05,Service C,928.76,West,928.76,0.05,46.44,2023 Q1,SA04,416.62,Most Improved
2023-10-08,SA01,Service B,654.99,North,654.99,0.05,32.75,2023 Q1,SA05,458.41,Top Performer
2023-10-09,SA01,Service A,816.88,West,816.88,0.05,40.84,2023 Q1,SA02,487.42,Most Improved
2023-10-10,SA03,Service B,533.37,South,533.37,0.05,26.67,2023 Q4,SA03,452.21,Most Improved
2023-10-11,SA05,Service C,205.58,West,205.58,0.05,10.28,2023 Q2,SA04,419.92,Top Performer
2023-10-12,SA05,Service C,212.67,South,212.67,0.05,10.63,2023 Q3,SA01,202.8,Most Improved
2023-10-13,SA04,Service B,717.01,East,717.01,0.05,35.85,2023 Q4,SA05,363.51,Top Performer
2023-10-14,SA01,Service B,487.28,South,487.28,0.05,24.36,2023 Q3,SA02,463,Top Performer
2023-10-15,SA01,Service B,280.47,West,280.47,0.05,14.02,2023 Q3,SA05,417.79,Most Improved
2023-10-16,SA02,Service D,542.44,North,542.44,0.05,27.12,2023 Q1,SA03,244.24,Most Improved
2023-10-17,SA04,Service A,157.79,South,157.79,0.05,7.89,2023 Q3,SA05,260.74,Most Improved
2023-10-18,SA02,Service B,623.77,East,623.77,0.05,31.19,2023 Q3,SA03,201.57,Top Performer
2023-10-19,SA02,Service B,342.09,South,342.09,0.05,17.1,2023 Q1,SA02,366.53,Most Improved
2023-10-20,SA02,Service B,817.8,South,817.8,0.05,40.89,2023 Q1,SA04,253.23,Most Improved
2023-10-21,SA03,Service C,379.33,South,379.33,0.05,18.97,2023 Q1,SA01,298.46,Most Improved
2023-10-22,SA03,Service C,509.7,East,509.7,0.05,25.48,2023 Q4,SA04,438.26,Top Performer
2023-10-23,SA02,Service D,110.46,West,110.46,0.05,5.52,2023 Q3,SA02,481.22,Top Performer
2023-10-24,SA04,Service A,165.2,South,165.2,0.05,8.26,2023 Q3,SA05,274,Most Improved
2023-10-25,SA01,Service D,453.24,South,453.24,0.05,22.66,2023 Q3,SA01,338.16,Top Performer
2023-10-26,SA04,Service A,531.94,North,531.94,0.05,26.6,2023 Q1,SA03,244.24,Most Improved
2023-10-27,SA05,Service C,640.02,East,640.02,0.05,32,2023 Q4,SA04,227.9,Most Improved
2023-10-28,SA03,Service C,362.5,South,362.5,0.05,18.12,2023 Q3,SA02,344.29,Top Performer
2023-10-29,SA01,Service C,725.48,East,725.48,0.05,36.27,2023 Q3,SA04,374,Most Improved
2023-10-30,SA01,Service D,874.11,South,874.11,0.05,43.71,2023 Q4,SA05,355.18,Most Improved
2023-10-31,SA05,Service B,801.87,West,801.87,0.05,40.09,2023 Q4,SA05,475.68,Top Performer
2023-11-01,SA05,Service B,135.66,West,135.66,0.05,6.78,2023 Q4,SA04,223.12,Top Performer
2023-11-02,SA02,Service C,532.46,South,532.46,0.05,26.62,2023 Q4,SA03,264.05,Top Performer
2023-11-03,SA03,Service B,194.44,West,194.44,0.05,9.72,2023 Q2,SA04,310.38,Top Performer
2023-11-04,SA03,Service B,317.84,South,317.84,0.05,15.89,2023 Q4,SA04,223.12,Top Performer
2023-11-05,SA04,Service D,988,West,988,0.05,49.4,2023 Q3,SA04,332.06,Most Improved
2023-11-06,SA02,Service A,228.25,North,228.25,0.05,11.41,2023 Q1,SA02,366.53,Most Improved
2023-11-07,SA02,Service C,549,North,549,0.05,27.45,2023 Q3,SA01,202.8,Most Improved
2023-11-08,SA02,Service C,656.34,North,656.34,0.05,32.82,2023 Q1,SA04,253.23,Most Improved
2023-11-09,SA02,Service D,732.22,East,732.22,0.05,36.61,2023 Q1,SA01,298.46,Most Improved
2023-11-10,SA03,Service D,603.68,East,603.68,0.05,30.18,2023 Q1,SA02,408.69,Most Improved
2023-11-11,SA03,Service B,108.79,North,108.79,0.05,5.44,2023 Q4,SA01,291.68,Most Improved
2023-11-12,SA02,Service C,393.82,East,393.82,0.05,19.69,2023 Q2,SA05,428.34,Top Performer
2023-11-13,SA04,Service A,565.94,West,565.94,0.05,28.3,2023 Q1,SA02,249.44,Most Improved
2023-11-14,SA01,Service D,179.08,South,179.08,0.05,8.95,2023 Q2,SA03,289.26,Top Performer
2023-11-15,SA01,Service A,415.56,South,415.56,0.05,20.78,2023 Q1,SA03,376.46,Top Performer
2023-11-16,SA04,Service A,129.88,South,129.88,0.05,6.49,2023 Q1,SA03,368.2,Top Performer
2023-11-17,SA02,Service C,170.72,North,170.72,0.05,8.54,2023 Q4,SA03,452.21,Most Improved
2023-11-18,SA03,Service C,457.23,East,457.23,0.05,22.86,2023 Q3,SA03,417.94,Top Performer
2023-11-19,SA01,Service D,219.44,West,219.44,0.05,10.97,2023 Q1,SA01,280.95,Most Improved
2023-11-20,SA05,Service C,610.79,West,610.79,0.05,30.54,2023 Q1,SA04,253.23,Most Improved
2023-11-21,SA05,Service C,720.52,North,720.52,0.05,36.03,2023 Q4,SA01,419.84,Top Performer
2023-11-22,SA04,Service C,820.53,West,820.53,0.05,41.03,2023 Q3,SA02,441.5,Most Improved
2023-11-23,SA02,Service A,280.14,West,280.14,0.05,14.01,2023 Q4,SA04,445.34,Top Performer
2023-11-24,SA01,Service D,250.73,West,250.73,0.05,12.54,2023 Q1,SA03,384.8,Most Improved
2023-11-25,SA02,Service B,194.11,West,194.11,0.05,9.71,2023 Q3,SA02,368.45,Most Improved
2023-11-26,SA01,Service A,672.79,East,672.79,0.05,33.64,2023 Q2,SA03,435.14,Top Performer
2023-11-27,SA04,Service C,735.83,West,735.83,0.05,36.79,2023 Q3,SA02,444.78,Most Improved
2023-11-28,SA04,Service A,128.43,South,128.43,0.05,6.42,2023 Q2,SA01,229.75,Top Performer
2023-11-29,SA05,Service C,942.59,North,942.59,0.05,47.13,2023 Q1,SA02,249.44,Most Improved
2023-11-30,SA02,Service C,146.77,East,146.77,0.05,7.34,2023 Q2,SA02,200.97,Most Improved
2023-12-01,SA05,Service A,587.17,West,587.17,0.05,29.36,2023 Q2,SA04,377.1,Most Improved
2023-12-02,SA02,Service D,738.15,East,738.15,0.05,36.91,2023 Q1,SA03,368.2,Top Performer
2023-12-03,SA05,Service C,883.87,West,883.87,0.05,44.19,2023 Q1,SA05,261.21,Most Improved
2023-12-04,SA03,Service D,742.68,South,742.68,0.05,37.13,2023 Q1,SA01,323.79,Most Improved
2023-12-05,SA03,Service B,821.56,North,821.56,0.05,41.08,2023 Q1,SA03,376.46,Top Performer
2023-12-06,SA03,Service C,405.51,West,405.51,0.05,20.28,2023 Q3,SA02,463,Top Performer
2023-12-07,SA03,Service D,833.34,West,833.34,0.05,41.67,2023 Q2,SA02,200.97,Most Improved
2023-12-08,SA01,Service D,172.1,West,172.1,0.05,8.6,2023 Q1,SA02,249.44,Most Improved
2023-12-09,SA03,Service B,905.33,West,905.33,0.05,45.27,2023 Q2,SA04,419.92,Top Performer
2023-12-10,SA04,Service D,592.83,North,592.83,0.05,29.64,2023 Q1,SA04,253.23,Most Improved
2023-12-11,SA04,Service D,835.57,North,835.57,0.05,41.78,2023 Q3,SA01,202.8,Most Improved
2023-12-12,SA01,Service B,507.09,South,507.09,0.05,25.35,2023 Q3,SA03,201.57,Top Performer
2023-12-13,SA03,Service C,679.22,North,679.22,0.05,33.96,2023 Q2,SA01,244.67,Top Performer
2023-12-14,SA03,Service D,573.76,West,573.76,0.05,28.69,2023 Q4,SA01,248.02,Most Improved
2023-12-15,SA03,Service D,758.43,South,758.43,0.05,37.92,2023 Q3,SA03,417.94,Top Performer
2023-12-16,SA05,Service D,173.47,South,173.47,0.05,8.67,2023 Q4,SA05,219.46,Top Performer
2023-12-17,SA02,Service A,154.32,South,154.32,0.05,7.72,2023 Q2,SA03,289.26,Top Performer
2023-12-18,SA05,Service B,322.39,West,322.39,0.05,16.12,2023 Q3,SA01,338.16,Top Performer
2023-12-19,SA02,Service A,243.59,East,243.59,0.05,12.18,2023 Q1,SA02,498.9,Most Improved
2023-12-20,SA03,Service B,884.61,West,884.61,0.05,44.23,2023 Q4,SA01,462,Most Improved
2023-12-21,SA03,Service C,297.29,North,297.29,0.05,14.86,2023 Q2,SA04,366.27,Top Performer
2023-12-22,SA05,Service C,978.28,North,978.28,0.05,48.91,2023 Q2,SA01,447.51,Most Improved
2023-12-23,SA05,Service D,403.21,West,403.21,0.05,20.16,2023 Q1,SA04,253.23,Most Improved
2023-12-24,SA02,Service B,263.91,West,263.91,0.05,13.2,2023 Q1,SA05,306.65,Top Performer
2023-12-25,SA04,Service C,810.73,South,810.73,0.05,40.54,2023 Q3,SA03,201.57,Top Performer
2023-12-26,SA02,Service B,692.84,West,692.84,0.05,34.64,2023 Q1,SA03,244.24,Most Improved
2023-12-27,SA05,Service C,548.38,South,548.38,0.05,27.42,2023 Q2,SA04,310.38,Top Performer
2023-12-28,SA05,Service A,599.83,North,599.83,0.05,29.99,2023 Q1,SA03,376.46,Top Performer
2023-12-29,SA01,Service C,747.28,South,747.28,0.05,37.36,2023 Q4,SA02,435.47,Top Performer
2023-12-30,SA05,Service A,305.61,West,305.61,0.05,15.28,2023 Q4,SA03,497.54,Top Performer
2023-12-31,SA01,Service C,996.7,North,996.7,0.05,49.84,2023 Q2,SA04,465.86,Most Improved
2024-01-01,SA04,Service D,977.31,East,977.31,0.05,48.87,2023 Q2,SA04,465.86,Most Improved
2024-01-02,SA02,Service A,685.29,South,685.29,0.05,34.26,2023 Q2,SA02,217.57,Most Improved
2024-01-03,SA02,Service C,279.59,North,279.59,0.05,13.98,2023 Q2,SA01,426.51,Most Improved
2024-01-04,SA01,Service D,712.21,South,712.21,0.05,35.61,2023 Q1,SA05,285.77,Top Performer
2024-01-05,SA02,Service A,164.98,North,164.98,0.05,8.25,2023 Q4,SA01,402.94,Most Improved
2024-01-06,SA05,Service D,127.59,North,127.59,0.05,6.38,2023 Q4,SA03,497.54,Top Performer
2024-01-07,SA03,Service B,331.91,South,331.91,0.05,16.6,2023 Q2,SA02,210.59,Most Improved
2024-01-08,SA01,Service B,516.36,East,516.36,0.05,25.82,2023 Q4,SA01,495.4,Top Performer
2024-01-09,SA02,Service A,881.45,North,881.45,0.05,44.07,2023 Q4,SA01,300.27,Most Improved
2024-01-10,SA01,Service C,754.45,North,754.45,0.05,37.72,2023 Q4,SA01,291.68,Most Improved
2024-01-11,SA01,Service A,768.44,North,768.44,0.05,38.42,2023 Q1,SA03,384.8,Most Improved
2024-01-12,SA03,Service D,482.94,East,482.94,0.05,24.15,2023 Q2,SA03,289.26,Top Performer
2024-01-13,SA05,Service C,411.34,East,411.34,0.05,20.57,2023 Q4,SA01,432.93,Top Performer
2024-01-14,SA01,Service B,433.93,West,433.93,0.05,21.7,2023 Q2,SA05,428.34,Top Performer
2024-01-15,SA02,Service C,988.88,South,988.88,0.05,49.44,2023 Q4,SA01,418.55,Top Performer
2024-01-16,SA04,Service B,136.1,East,136.1,0.05,6.8,2023 Q1,SA02,498.9,Most Improved
2024-01-17,SA01,Service C,880.33,South,880.33,0.05,44.02,2023 Q3,SA03,306.62,Top Performer
2024-01-18,SA01,Service C,620.81,West,620.81,0.05,31.04,2023 Q4,SA02,381.05,Most Improved
2024-01-19,SA03,Service C,494.75,South,494.75,0.05,24.74,2023 Q3,SA05,417.79,Most Improved
2024-01-20,SA05,Service D,752.73,East,752.73,0.05,37.64,2023 Q2,SA01,377.91,Top Performer
2024-01-21,SA04,Service D,538,South,538,0.05,26.9,2023 Q1,SA03,384.8,Most Improved
2024-01-22,SA02,Service A,886.08,East,886.08,0.05,44.3,2023 Q1,SA04,239.52,Most Improved
2024-01-23,SA04,Service A,910.63,South,910.63,0.05,45.53,2023 Q1,SA04,416.62,Most Improved
2024-01-24,SA02,Service B,479.55,East,479.55,0.05,23.98,2023 Q3,SA04,440.02,Most Improved
2024-01-25,SA05,Service D,349.15,East,349.15,0.05,17.46,2023 Q4,SA01,462,Most Improved
2024-01-26,SA02,Service B,633.12,South,633.12,0.05,31.66,2023 Q2,SA02,200.97,Most Improved
2024-01-27,SA03,Service A,921.13,West,921.13,0.05,46.06,2023 Q2,SA01,244.67,Top Performer
2024-01-28,SA03,Service B,289.6,North,289.6,0.05,14.48,2023 Q3,SA01,338.16,Top Performer
2024-01-29,SA03,Service A,660.67,West,660.67,0.05,33.03,2023 Q2,SA04,465.86,Most Improved
2024-01-30,SA03,Service D,668.4,South,668.4,0.05,33.42,2023 Q2,SA05,428.34,Top Performer
2024-01-31,SA04,Service C,759.8,West,759.8,0.05,37.99,2023 Q4,SA05,219.46,Top Performer
2024-02-01,SA05,Service D,218.41,East,218.41,0.05,10.92,2023 Q3,SA04,332.06,Most Improved
2024-02-02,SA02,Service B,744.24,North,744.24,0.05,37.21,2023 Q1,SA01,280.95,Most Improved
2024-02-03,SA02,Service B,918.13,South,918.13,0.05,45.91,2023 Q2,SA04,436.58,Top Performer
2024-02-04,SA03,Service D,261.71,South,261.71,0.05,13.09,2023 Q1,SA03,310.49,Top Performer
2024-02-05,SA03,Service D,313.79,South,313.79,0.05,15.69,2023 Q2,SA01,426.51,Most Improved
2024-02-06,SA01,Service A,974.26,North,974.26,0.05,48.71,2023 Q1,SA05,261.21,Most Improved
2024-02-07,SA05,Service B,262.88,East,262.88,0.05,13.14,2023 Q3,SA02,441.5,Most Improved
2024-02-08,SA04,Service B,868.95,South,868.95,0.05,43.45,2023 Q2,SA04,419.92,Top Performer
2024-02-09,SA02,Service D,543.05,West,543.05,0.05,27.15,2023 Q3,SA03,417.94,Top Performer
2024-02-10,SA01,Service C,322.51,South,322.51,0.05,16.13,2023 Q4,SA04,438.26,Top Performer
2024-02-11,SA01,Service B,883.67,South,883.67,0.05,44.18,2023 Q1,SA03,428.3,Top Performer
2024-02-12,SA02,Service C,500.77,South,500.77,0.05,25.04,2023 Q4,SA04,438.26,Top Performer
2024-02-13,SA04,Service D,563.34,South,563.34,0.05,28.17,2023 Q1,SA02,366.53,Most Improved
2024-02-14,SA01,Service D,423.31,East,423.31,0.05,21.17,2023 Q2,SA04,419.92,Top Performer
2024-02-15,SA01,Service A,633.66,West,633.66,0.05,31.68,2023 Q4,SA05,363.51,Top Performer
2024-02-16,SA05,Service B,247.17,East,247.17,0.05,12.36,2023 Q1,SA02,249.44,Most Improved
2024-02-17,SA04,Service C,451.97,West,451.97,0.05,22.6,2023 Q4,SA01,419.84,Top Performer
2024-02-18,SA01,Service A,972.47,South,972.47,0.05,48.62,2023 Q2,SA04,366.27,Top Performer
2024-02-19,SA04,Service B,332.32,North,332.32,0.05,16.62,2023 Q4,SA01,300.27,Most Improved
2024-02-20,SA02,Service A,691.06,East,691.06,0.05,34.55,2023 Q4,SA04,445.34,Top Performer
2024-02-21,SA03,Service D,392.67,North,392.67,0.05,19.63,2023 Q3,SA05,417.79,Most Improved
2024-02-22,SA01,Service B,796.13,East,796.13,0.05,39.81,2023 Q2,SA03,435.14,Top Performer
2024-02-23,SA05,Service A,217.79,South,217.79,0.05,10.89,2023 Q3,SA01,202.8,Most Improved
2024-02-24,SA02,Service A,972.84,East,972.84,0.05,48.64,2023 Q1,SA04,239.52,Most Improved
2024-02-25,SA04,Service C,508.41,South,508.41,0.05,25.42,2023 Q3,SA05,352.51,Top Performer
2024-02-26,SA02,Service A,312.45,East,312.45,0.05,15.62,2023 Q2,SA03,435.14,Top Performer
2024-02-27,SA01,Service B,166.15,South,166.15,0.05,8.31,2023 Q1,SA05,458.41,Top Performer
2024-02-28,SA04,Service B,252.78,South,252.78,0.05,12.64,2023 Q2,SA02,210.59,Most Improved
2024-02-29,SA03,Service C,567.8,West,567.8,0.05,28.39,2023 Q1,SA01,323.79,Most Improved
2024-03-01,SA02,Service B,403.3,South,403.3,0.05,20.17,2023 Q2,SA02,217.57,Most Improved
2024-03-02,SA01,Service D,846,West,846,0.05,42.3,2023 Q2,SA04,377.1,Most Improved
2024-03-03,SA05,Service B,487.8,South,487.8,0.05,24.39,2023 Q1,SA05,458.41,Top Performer
2024-03-04,SA04,Service B,323.84,North,323.84,0.05,16.19,2023 Q4,SA04,445.34,Top Performer
2024-03-05,SA02,Service A,655.43,South,655.43,0.05,32.77,2023 Q4,SA04,438.26,Top Performer
2024-03-06,SA02,Service A,736.1,North,736.1,0.05,36.8,2023 Q1,SA05,261.21,Most Improved
2024-03-07,SA03,Service B,250.34,North,250.34,0.05,12.52,2023 Q1,SA04,416.62,Most Improved
2024-03-08,SA03,Service C,250.86,South,250.86,0.05,12.54,2023 Q4,SA01,402.94,Most Improved
2024-03-09,SA05,Service A,133,North,133,0.05,6.65,2023 Q1,SA01,334.58,Top Performer
2024-03-10,SA05,Service C,762.76,West,762.76,0.05,38.14,2023 Q1,SA01,280.95,Most Improved
2024-03-11,SA01,Service B,697.42,East,697.42,0.05,34.87,2023 Q3,SA05,390.89,Top Performer
2024-03-12,SA01,Service B,527.17,South,527.17,0.05,26.36,2023 Q4,SA04,223.12,Top Performer
2024-03-13,SA05,Service D,859.75,North,859.75,0.05,42.99,2023 Q2,SA02,210.59,Most Improved
2024-03-14,SA05,Service A,825.1,South,825.1,0.05,41.26,2023 Q3,SA04,393.74,Top Performer
2024-03-15,SA04,Service B,626.82,West,626.82,0.05,31.34,2023 Q1,SA02,408.69,Most Improved
2024-03-16,SA03,Service D,881.44,South,881.44,0.05,44.07,2023 Q3,SA02,441.5,Most Improved
2024-03-17,SA01,Service A,285.26,South,285.26,0.05,14.26,2023 Q3,SA01,202.8,Most Improved
2024-03-18,SA03,Service B,200.73,North,200.73,0.05,10.04,2023 Q4,SA05,475.68,Top Performer
2024-03-19,SA03,Service B,342.77,West,342.77,0.05,17.14,2023 Q4,SA01,402.94,Most Improved
2024-03-20,SA05,Service A,151.38,East,151.38,0.05,7.57,2023 Q4,SA03,452.21,Most Improved
2024-03-21,SA04,Service A,578.05,East,578.05,0.05,28.9,2023 Q3,SA04,374,Most Improved
2024-03-22,SA02,Service A,942.95,North,942.95,0.05,47.15,2023 Q3,SA02,481.22,Top Performer
2024-03-23,SA04,Service B,135.41,South,135.41,0.05,6.77,2023 Q2,SA01,244.67,Top Performer
2024-03-24,SA04,Service B,209.9,North,209.9,0.05,10.5,2023 Q4,SA01,432.93,Top Performer
2024-03-25,SA03,Service D,506.98,North,506.98,0.05,25.35,2023 Q4,SA05,475.68,Top Performer
2024-03-26,SA04,Service C,940.49,North,940.49,0.05,47.02,2023 Q2,SA03,349.48,Top Performer
2024-03-27,SA01,Service A,384.54,South,384.54,0.05,19.23,2023 Q4,SA01,362.67,Most Improved
2024-03-28,SA03,Service B,556.51,West,556.51,0.05,27.83,2023 Q2,SA01,426.51,Most Improved
2024-03-29,SA01,Service B,137.42,North,137.42,0.05,6.87,2023 Q3,SA02,368.45,Most Improved
2024-03-30,SA02,Service A,233.51,South,233.51,0.05,11.68,2023 Q1,SA03,310.49,Top Performer
2024-03-31,SA03,Service C,987.97,West,987.97,0.05,49.4,2023 Q3,SA05,260.74,Most Improved
2024-04-01,SA02,Service A,968.61,North,968.61,0.05,48.43,2023 Q4,SA01,300.27,Most Improved
2024-04-02,SA03,Service C,104.45,East,104.45,0.05,5.22,2023 Q1,SA03,244.24,Most Improved
2024-04-03,SA05,Service B,956.63,West,956.63,0.05,47.83,2023 Q3,SA03,417.94,Top Performer
2024-04-04,SA04,Service C,675.21,North,675.21,0.05,33.76,2023 Q1,SA04,253.23,Most Improved
2024-04-05,SA05,Service D,881.13,West,881.13,0.05,44.06,2023 Q2,SA05,428.34,Top Performer
2024-04-06,SA02,Service B,509.27,West,509.27,0.05,25.46,2023 Q1,SA03,384.8,Most Improved
2024-04-07,SA04,Service D,564.04,West,564.04,0.05,28.2,2023 Q1,SA03,368.2,Top Performer
2024-04-08,SA03,Service A,539.96,West,539.96,0.05,27,2023 Q2,SA05,423.72,Top Performer
2024-04-09,SA04,Service A,700.18,West,700.18,0.05,35.01,2023 Q2,SA04,256.41,Top Performer
2024-04-10,SA01,Service A,225.69,West,225.69,0.05,11.28,2023 Q4,SA02,396.85,Most Improved
2024-04-11,SA04,Service C,126.98,North,126.98,0.05,6.35,2023 Q2,SA01,244.67,Top Performer
2024-04-12,SA01,Service B,377.14,East,377.14,0.05,18.86,2023 Q2,SA04,256.41,Top Performer
2024-04-13,SA04,Service A,734.21,South,734.21,0.05,36.71,2023 Q1,SA02,366.53,Most Improved
2024-04-14,SA01,Service A,281.67,West,281.67,0.05,14.08,2023 Q4,SA01,291.68,Most Improved
2024-04-15,SA02,Service B,706.09,South,706.09,0.05,35.3,2023 Q2,SA01,426.51,Most Improved
2024-04-16,SA05,Service A,972.92,North,972.92,0.05,48.65,2023 Q2,SA05,320.45,Top Performer
2024-04-17,SA03,Service D,184.51,West,184.51,0.05,9.23,2023 Q1,SA04,239.52,Most Improved
2024-04-18,SA04,Service B,705.34,East,705.34,0.05,35.27,2023 Q4,SA05,355.18,Most Improved
2024-04-19,SA05,Service B,499.38,South,499.38,0.05,24.97,2023 Q2,SA03,349.48,Top Performer
2024-04-20,SA03,Service B,881.33,West,881.33,0.05,44.07,2023 Q3,SA05,274,Most Improved
2024-04-21,SA03,Service D,259.43,North,259.43,0.05,12.97,2023 Q4,SA02,381.05,Most Improved
2024-04-22,SA01,Service B,723.36,East,723.36,0.05,36.17,2023 Q2,SA04,256.41,Top Performer
2024-04-23,SA02,Service D,854.3,South,854.3,0.05,42.72,2023 Q1,SA02,498.9,Most Improved
2024-04-24,SA02,Service B,950.15,South,950.15,0.05,47.51,2023 Q4,SA01,291.68,Most Improved
2024-04-25,SA05,Service C,714.92,West,714.92,0.05,35.75,2023 Q1,SA03,428.3,Top Performer
2024-04-26,SA02,Service A,547.46,East,547.46,0.05,27.37,2023 Q3,SA01,338.16,Top Performer
2024-04-27,SA04,Service C,656.06,East,656.06,0.05,32.8,2023 Q1,SA01,280.95,Most Improved
2024-04-28,SA02,Service A,882.01,East,882.01,0.05,44.1,2023 Q1,SA03,338.47,Top Performer
2024-04-29,SA05,Service D,613.55,East,613.55,0.05,30.68,2023 Q2,SA04,256.41,Top Performer
2024-04-30,SA02,Service C,127.35,North,127.35,0.05,6.37,2023 Q4,SA03,497.54,Top Performer
2024-05-01,SA04,Service B,937.85,East,937.85,0.05,46.89,2023 Q3,SA02,481.22,Top Performer
2024-05-02,SA01,Service A,720.57,South,720.57,0.05,36.03,2023 Q1,SA01,280.95,Most Improved
2024-05-03,SA05,Service A,708.86,South,708.86,0.05,35.44,2023 Q3,SA05,417.79,Most Improved
2024-05-04,SA01,Service C,294.11,North,294.11,0.05,14.71,2023 Q2,SA03,435.14,Top Performer
2024-05-05,SA01,Service D,693,South,693,0.05,34.65,2023 Q2,SA04,310.38,Top Performer
2024-05-06,SA01,Service C,454.48,South,454.48,0.05,22.72,2023 Q3,SA05,274,Most Improved
2024-05-07,SA03,Service D,686.11,East,686.11,0.05,34.31,2023 Q2,SA02,210.59,Most Improved
2024-05-08,SA03,Service D,195.93,South,195.93,0.05,9.8,2023 Q4,SA03,497.54,Top Performer
2024-05-09,SA01,Service A,692.06,North,692.06,0.05,34.6,2023 Q3,SA05,274,Most Improved
2024-05-10,SA05,Service C,999.47,East,999.47,0.05,49.97,2023 Q4,SA02,396.85,Most Improved
2024-05-11,SA04,Service C,143.39,West,143.39,0.05,7.17,2023 Q1,SA02,498.9,Most Improved
2024-05-12,SA04,Service D,979.46,East,979.46,0.05,48.97,2023 Q4,SA01,418.55,Top Performer
2024-05-13,SA02,Service C,466.22,North,466.22,0.05,23.31,2023 Q1,SA02,249.44,Most Improved
2024-05-14,SA05,Service B,883.68,East,883.68,0.05,44.18,2023 Q4,SA01,418.55,Top Performer
